,Cluster_Avg_Distance,District_Avg_Distance
0,20132.96653304852,21040.976621385616
